{
  "BTC": { "free": 0.00201317, "total": 0.00201317, "used": 0 },
  "BHAT": { "free": 73904.7751, "total": 73904.7751, "used": 0 },
  "LTC": { "free": 0.330676, "total": 0.330676, "used": 0 },
  "ADA": { "free": 83.71870478, "total": 83.71870478, "used": 0 },
  "XLM": { "free": 376.4672, "total": 376.4672, "used": 0 }
}
